id;name;description
7a68de55-7048-419d-8694-bf340bcccb2e;Temp;Proin interdum mauris non ligula pellentesque ultrices. Phasellus id sapien in sapien iaculis congue. Vivamus metus arcu, adipiscing molestie, hendrerit at, vulputate vitae, nisl.
3005d005-f4c4-4c42-8749-639e8d595233;Sonsing;"Quisque id justo sit amet sapien dignissim vestibulum. Vestibulum ante ipsum primis in faucibus orci luctus et ultrices posuere cubilia Curae; Nulla dapibus dolor vel est. Donec odio justo, sollicitudin ut, suscipit a, feugiat et, eros."
42434355-cdaf-4a56-9ec3-1db03412691d;Stronghold;Vestibulum ac est lacinia nisi venenatis tristique. Fusce congue, diam id ornare imperdiet, sapien urna pretium nisl, ut volutpat sapien arcu sed augue. Aliquam erat volutpat.
47162b63-d42e-4939-af9a-312530d1e6d4;Bamity;Aliquam quis turpis eget elit sodales scelerisque. Mauris sit amet eros. Suspendisse accumsan tortor quis turpis.
7ff25e2f-b8a7-4586-9fb6-a1530d0e25ca;Voltsillam;Quisque porta volutpat erat. Quisque erat eros, viverra eget, congue eget, semper rutrum, nulla. Nunc purus.
7d1f449a-fb8a-4066-aece-1122dc44af25;Tresom;Proin eu mi. Nulla ac enim. In tempor, turpis nec euismod scelerisque, quam turpis adipiscing lorem, vitae mattis nibh ligula nec sem.
1f9376f5-c14f-42e2-894a-226ee3ec11d9;Voltsillam;Nullam sit amet turpis elementum ligula vehicula consequat. Morbi a ipsum. Integer a nibh.
cc9c3902-dcaf-454a-aca7-e387775ae4d9;Rank;Curabitur in libero ut massa volutpat convallis. Morbi odio odio, elementum eu, interdum eu, tincidunt in, leo. Maecenas pulvinar lobortis est.
fa2fcc9f-cd66-4249-8116-d3628a2eb4d0;Rank;Cras mi pede, malesuada in, imperdiet et, commodo vulputate, justo. In blandit ultrices enim. Lorem ipsum dolor sit amet, consectetuer adipiscing elit.
163f6ba3-2c23-482b-8fa4-73b4a94bb7e2;Pannier;Quisque porta volutpat erat. Quisque erat eros, viverra eget, congue eget, semper rutrum, nulla. Nunc purus.